{
    "a": {
        "3": [
            "act",
            "aft",
            "ait",
            "alt",
            "ant",
            "apt",
            "art",
            "att"
        ],
        "4": [
            "abet",
            "abut",
            "adit",
            "advt",
            "aint",
            "airt",
            "alit",
            "appt",
            "aret",
            "aunt"
        ],
        "5": [
            "abaft",
            "abbot",
            "ablet",
            "abort",
            "about",
            "absit",
            "adapt",
            "adbot",
            "adept",
            "admit",
            "adopt",
            "adret",
            "adult",
            "adust",
            "afoot",
            "afrit",
            "agast",
            "agent",
            "agist",
            "aglet"
        ]
    },
    "b": {
        "3": [
            "bat",
            "bet",
            "bit",
            "bot",
            "but"
        ],
        "4": [
            "baft",
            "baht",
            "bait",
            "bant",
            "bast",
            "batt",
            "bayt",
            "beat",
            "beet",
            "belt",
            "bent",
            "best",
            "bhat",
            "bhut",
            "bint",
            "bist",
            "bitt",
            "blat",
            "blet",
            "blot"
        ],
        "5": [
            "bahut",
            "beast",
            "beaut",
            "befit",
            "begat",
            "beget",
            "begot",
            "benet",
            "bepat",
            "beret",
            "besat",
            "beset",
            "besit",
            "besot",
            "bewet",
            "bhoot",
            "bidet",
            "bight",
            "bigot",
            "binit"
        ]
    },
    "c": {
        "3": [
            "cat",
            "cit",
            "cot",
            "cut"
        ],
        "4": [
            "cant",
            "cart",
            "cast",
            "celt",
            "cent",
            "cert",
            "chat",
            "chit",
            "chut",
            "cist",
            "clat",
            "clit",
            "clot",
            "coat",
            "coft",
            "coit",
            "colt",
            "coot",
            "cost",
            "cott"
        ],
        "5": [
            "cadet",
            "cagot",
            "canst",
            "capot",
            "caput",
            "carat",
            "caret",
            "chaat",
            "chaft",
            "chant",
            "chapt",
            "chart",
            "cheat",
            "chert",
            "chest",
            "chirt",
            "chott",
            "chout",
            "cinct",
            "civet"
        ]
    },
    "d": {
        "3": [
            "dit",
            "dot"
        ],
        "4": [
            "daft",
            "dalt",
            "dant",
            "dart",
            "daut",
            "dawt",
            "debt",
            "deet",
            "deft",
            "delt",
            "dent",
            "dict",
            "diet",
            "dint",
            "dipt",
            "dirt",
            "ditt",
            "doat",
            "doit",
            "dolt"
        ],
        "5": [
            "daint",
            "dault",
            "daunt",
            "davit",
            "daynt",
            "dealt",
            "debit",
            "debut",
            "defat",
            "deist",
            "delft",
            "demit",
            "dempt",
            "denet",
            "depot",
            "derat",
            "devot",
            "diact",
            "dicht",
            "dicot"
        ]
    },
    "e": {
        "3": [
            "eat",
            "eft",
            "elt",
            "est",
            "ewt"
        ],
        "4": [
            "east",
            "echt",
            "edit",
            "emit",
            "empt",
            "erat",
            "erst",
            "etat",
            "evet",
            "exit",
            "eyot"
        ],
        "5": [
            "earnt",
            "earst",
            "ebbet",
            "eclat",
            "edict",
            "educt",
            "eejit",
            "egest",
            "egret",
            "eight",
            "eject",
            "elect",
            "elint",
            "emmet",
            "enact",
            "enlit",
            "epact",
            "epopt",
            "erect",
            "ergot"
        ]
    },
    "f": {
        "3": [
            "fat",
            "fet",
            "fit"
        ],
        "4": [
            "fact",
            "fait",
            "fart",
            "fast",
            "faut",
            "feat",
            "feet",
            "felt",
            "fent",
            "fest",
            "fett",
            "fiat",
            "fist",
            "fitt",
            "fixt",
            "flat",
            "flit",
            "font",
            "foot",
            "fort"
        ],
        "5": [
            "facet",
            "fagot",
            "faint",
            "fault",
            "feart",
            "feast",
            "fecht",
            "fecit",
            "feint",
            "feist",
            "fient",
            "fiest",
            "fight",
            "filet",
            "first",
            "fixit",
            "fleet",
            "flint",
            "flirt",
            "flitt"
        ]
    },
    "g": {
        "3": [
            "gat",
            "get",
            "git",
            "got",
            "gut"
        ],
        "4": [
            "gait",
            "gant",
            "gart",
            "gast",
            "geat",
            "geit",
            "gelt",
            "gent",
            "gert",
            "gest",
            "ghat",
            "gift",
            "gilt",
            "girt",
            "gist",
            "glit",
            "glut",
            "gnat",
            "goat",
            "gout"
        ],
        "5": [
            "gaitt",
            "galut",
            "gamut",
            "gault",
            "gaunt",
            "gavot",
            "geest",
            "geist",
            "gemot",
            "genet",
            "ghast",
            "ghaut",
            "ghest",
            "ghost",
            "giant",
            "gigot",
            "gilet",
            "giust",
            "glatt",
            "gleet"
        ]
    },
    "h": {
        "3": [
            "hat",
            "het",
            "hit",
            "hot",
            "hut"
        ],
        "4": [
            "haat",
            "haet",
            "haft",
            "halt",
            "hant",
            "hart",
            "hast",
            "haut",
            "hawt",
            "heat",
            "heft",
            "hent",
            "hept",
            "hest",
            "hilt",
            "hint",
            "hipt",
            "hist",
            "holt",
            "hoot"
        ],
        "5": [
            "habit",
            "hadst",
            "haint",
            "hasnt",
            "hault",
            "haunt",
            "heart",
            "heast",
            "hecht",
            "heist",
            "helot",
            "hiant",
            "hight",
            "hoast",
            "hoist",
            "horst",
            "hurst"
        ]
    },
    "i": {
        "3": [
            "ist"
        ],
        "4": [
            "ikat",
            "isit",
            "isnt"
        ],
        "5": [
            "idant",
            "ident",
            "idiot",
            "immit",
            "impot",
            "inapt",
            "incut",
            "inept",
            "inert",
            "ingot",
            "inlet",
            "innit",
            "input",
            "inset",
            "inust",
            "inwit",
            "islet",
            "izzat"
        ]
    },
    "j": {
        "3": [
            "jet",
            "jit",
            "jot",
            "jut"
        ],
        "4": [
            "jeat",
            "jeet",
            "jest",
            "jilt",
            "jolt",
            "just"
        ],
        "5": [
            "jabot",
            "jacet",
            "jaunt",
            "jigot",
            "joint",
            "joist",
            "joust",
            "jurat"
        ]
    },
    "k": {
        "3": [
            "kat",
            "ket",
            "kit"
        ],
        "4": [
            "kant",
            "kart",
            "keet",
            "kelt",
            "kent",
            "kept",
            "kest",
            "khat",
            "khet",
            "kilt",
            "kist",
            "knit",
            "knot",
            "knut",
            "kyat"
        ],
        "5": [
            "kanat",
            "kaput",
            "karat",
            "karst",
            "kempt",
            "kiaat",
            "kight",
            "klett",
            "knelt",
            "knout",
            "korat",
            "kraft",
            "krait",
            "kraut",
            "kydst"
        ]
    },
    "l": {
        "3": [
            "lat",
            "let",
            "lit",
            "lot"
        ],
        "4": [
            "lait",
            "lant",
            "last",
            "leat",
            "leet",
            "left",
            "lent",
            "lept",
            "lest",
            "lift",
            "lilt",
            "lint",
            "list",
            "loft",
            "loot",
            "lost",
            "lout",
            "lowt",
            "luit",
            "lunt"
        ],
        "5": [
            "lacet",
            "larnt",
            "leant",
            "leapt",
            "least",
            "legit",
            "liart",
            "licet",
            "licht",
            "licit",
            "light",
            "limit",
            "lirot",
            "loast",
            "lovat",
            "lunet",
            "lyart"
        ]
    },
    "m": {
        "3": [
            "mat",
            "met",
            "mot",
            "mut"
        ],
        "4": [
            "malt",
            "mart",
            "mast",
            "matt",
            "maut",
            "meat",
            "meet",
            "melt",
            "ment",
            "milt",
            "mint",
            "mist",
            "mitt",
            "mixt",
            "moat",
            "moit",
            "molt",
            "moot",
            "mort",
            "most"
        ],
        "5": [
            "magot",
            "maist",
            "manat",
            "manet",
            "maynt",
            "mayst",
            "mazut",
            "meant",
            "meint",
            "merit",
            "meynt",
            "micht",
            "midst",
            "might",
            "moist",
            "morat",
            "motet",
            "moult",
            "mount",
            "moust"
        ]
    },
    "n": {
        "3": [
            "nat",
            "net",
            "nit",
            "not",
            "nut"
        ],
        "4": [
            "neat",
            "nest",
            "nett",
            "newt",
            "next",
            "nott",
            "nout",
            "nowt",
            "nuit"
        ],
        "5": [
            "naunt",
            "neist",
            "nempt",
            "nepit",
            "nicht",
            "night",
            "noint",
            "nonet",
            "nooit"
        ]
    },
    "o": {
        "3": [
            "oat",
            "oft",
            "oot",
            "opt",
            "ort",
            "out",
            "owt"
        ],
        "4": [
            "oast",
            "obit",
            "oint",
            "omit",
            "onst",
            "oont",
            "oust"
        ],
        "5": [
            "obiit",
            "objet",
            "octet",
            "odist",
            "olent",
            "oncet",
            "onset",
            "oobit",
            "orant",
            "orbat",
            "orbit",
            "oubit",
            "oucht",
            "ought",
            "overt",
            "ovist",
            "owlet"
        ]
    },
    "p": {
        "3": [
            "pat",
            "pet",
            "pht",
            "pit",
            "pot",
            "pst",
            "put"
        ],
        "4": [
            "pact",
            "pant",
            "part",
            "past",
            "peat",
            "pelt",
            "pent",
            "pert",
            "pest",
            "peut",
            "pfft",
            "phat",
            "phot",
            "phut",
            "piet",
            "pint",
            "plat",
            "plot",
            "poet",
            "polt"
        ],
        "5": [
            "paint",
            "palet",
            "peart",
            "perst",
            "petit",
            "pewit",
            "phpht",
            "picot",
            "piert",
            "pight",
            "pilot",
            "pinot",
            "pipet",
            "pipit",
            "pitot",
            "pivot",
            "plait",
            "plant",
            "plast",
            "platt"
        ]
    },
    "q": {
        "3": [
            "qat"
        ],
        "4": [
            "quat",
            "quit"
        ],
        "5": [
            "qanat",
            "quant",
            "quart",
            "qubit",
            "quest",
            "quiet",
            "quilt",
            "quint",
            "quirt",
            "quist",
            "quoit"
        ]
    },
    "r": {
        "3": [
            "rat",
            "ret",
            "rit",
            "rot",
            "rut"
        ],
        "4": [
            "raft",
            "rait",
            "rant",
            "rapt",
            "rast",
            "reft",
            "rent",
            "rest",
            "rift",
            "riot",
            "ript",
            "ritt",
            "ront",
            "root",
            "rort",
            "rost",
            "rout",
            "rowt",
            "runt",
            "rust"
        ],
        "5": [
            "rabat",
            "ramet",
            "react",
            "reast",
            "rebit",
            "rebut",
            "recit",
            "recut",
            "reest",
            "refit",
            "reist",
            "relet",
            "relit",
            "remet",
            "remit",
            "repat",
            "repot",
            "resat",
            "reset",
            "resit"
        ]
    },
    "s": {
        "3": [
            "sat",
            "set",
            "sit",
            "sot"
        ],
        "4": [
            "saft",
            "salt",
            "sant",
            "saut",
            "scat",
            "scot",
            "scut",
            "seat",
            "sect",
            "sekt",
            "sent",
            "sept",
            "sett",
            "sext",
            "shat",
            "shet",
            "shit",
            "shot",
            "shut",
            "sift"
        ],
        "5": [
            "sabot",
            "saint",
            "saist",
            "salat",
            "salet",
            "salut",
            "sault",
            "saunt",
            "sayst",
            "scant",
            "scart",
            "scatt",
            "sceat",
            "scent",
            "scoot",
            "scout",
            "scrat",
            "scuft",
            "shaft",
            "shakt"
        ]
    },
    "t": {
        "3": [
            "tat",
            "tet",
            "tit",
            "tot",
            "tut"
        ],
        "4": [
            "tact",
            "tait",
            "tant",
            "tart",
            "tatt",
            "taut",
            "tawt",
            "teat",
            "telt",
            "tent",
            "test",
            "text",
            "that",
            "tift",
            "tilt",
            "tint",
            "tipt",
            "toft",
            "togt",
            "toit"
        ],
        "5": [
            "tacet",
            "tacit",
            "taint",
            "takht",
            "tapet",
            "tarot",
            "taunt",
            "tempt",
            "tenet",
            "tewit",
            "theft",
            "thoft",
            "tight",
            "tinct",
            "toast",
            "torot",
            "tract",
            "trait",
            "trant",
            "trapt"
        ]
    },
    "u": {
        "3": [
            "ult"
        ],
        "4": [
            "unit"
        ],
        "5": [
            "unapt",
            "uncut",
            "unfit",
            "unget",
            "ungot",
            "unhat",
            "unket",
            "unlet",
            "unlit",
            "unmet",
            "unset",
            "unwet",
            "unwit",
            "upjet",
            "uplit",
            "upset",
            "urent"
        ]
    },
    "v": {
        "3": [
            "vat",
            "vet"
        ],
        "4": [
            "vant",
            "vast",
            "vaut",
            "vent",
            "vert",
            "vest",
            "vext",
            "vint",
            "volt",
            "vrot",
            "vult"
        ],
        "5": [
            "valet",
            "vault",
            "vaunt",
            "veldt",
            "verst",
            "visit",
            "vivat",
            "vlast",
            "volet",
            "vomit"
        ]
    },
    "w": {
        "3": [
            "wat",
            "wet",
            "wit",
            "wot"
        ],
        "4": [
            "wadt",
            "waft",
            "wait",
            "want",
            "wart",
            "wast",
            "watt",
            "weet",
            "weft",
            "welt",
            "went",
            "wept",
            "wert",
            "west",
            "what",
            "whet",
            "whit",
            "whot",
            "wilt",
            "wist"
        ],
        "5": [
            "waift",
            "waist",
            "warst",
            "wasnt",
            "wecht",
            "weest",
            "welkt",
            "wheat",
            "wheft",
            "whift",
            "whipt",
            "whist",
            "whoot",
            "whort",
            "wight",
            "wisht",
            "worst",
            "wrapt",
            "wrast",
            "wrest"
        ]
    },
    "x": {
        "3": [],
        "4": [
            "xyst"
        ],
        "5": []
    },
    "y": {
        "3": [
            "yet"
        ],
        "4": [
            "ybet",
            "yelt",
            "yest",
            "yett",
            "ympt",
            "yont",
            "yuft",
            "yurt"
        ],
        "5": [
            "yacht",
            "yeast",
            "ymolt",
            "yourt",
            "yrapt",
            "yrent",
            "ytost"
        ]
    }
}
