{
    "bg": {
        "minute": "%d минут%а>и",
        "hour": "%d час%>а",
        "day": "%d д%ен>ни",
        "week": "%d седмиц%а>и",
        "month": "%d месец%>а",
        "year": "%d годин%а>и",
        "century": "%d век%>а",
        "weekday": [
            "Неделя",
            "Понеделник",
            "Вторник",
            "Сряда",
            "Четвъртък",
            "Петък",
            "Събота"
        ]
    },
    "cs": {
        "minute": "%d minut%u>y",
        "hour": "%d hodin%u>y",
        "day": "%d d%en>ny",
        "week": "%d týd%en>ny",
        "month": "%d měsíc%>e",
        "year": "%d rok%>y",
        "century": "%d století",
        "weekday": [
            "Neděle",
            "Pondělí",
            "Úterý",
            "Středa",
            "Čtvrtek",
            "Pátek",
            "Sobota"
        ]
    },
    "da": {
        "minute": "%d minut%>ter",
        "hour": "%d time%>r",
        "day": "%d dag%>e",
        "week": "%d uge%>r",
        "month": "%d måned%>er",
        "year": "%d år",
        "century": "%d århundrede%>r",
        "weekday": [
            "Søndag",
            "mandag",
            "tirsdag",
            "onsdag",
            "torsdag",
            "fredag",
            "lørdag"
        ]
    },
    "de": {
        "minute": "%d Minute%>n",
        "hour": "%d Stunde%>n",
        "day": "%d Tag%>e",
        "week": "%d Woche%>n",
        "month": "%d Monat%>e",
        "year": "%d Jahr%>e",
        "century": "%d Jahrhundert%>e",
        "weekday": [
            "Sonntag",
            "Montag",
            "Dienstag",
            "Mittwoch",
            "Donnerstag",
            "Freitag",
            "Samstag"
        ]
    },
    "el": {
        "minute": "%d λεπτ%ό>ά",
        "hour": "%d ώρ%α>ες",
        "day": "%d ημέρ%α>ες",
        "week": "%d εβδομάδ%α>ες",
        "month": "%d μήν%α>ες",
        "year": "%d %έτος>χρόνια",
        "century": "%d αιών%α>ες",
        "weekday": [
            "Κυριακή",
            "Δευτέρα",
            "Τρίτη",
            "Τετάρτη",
            "Πέμπτη",
            "Παρασκευή",
            "Σάββατο"
        ]
    },
    "en": {
        "minute": "%d minute%>s",
        "hour": "%d hour%>s",
        "day": "%d day%>s",
        "week": "%d week%>s",
        "month": "%d month%>s",
        "year": "%d year%>s",
        "century": "%d century%>s",
        "weekday": [
            "Sunday",
            "Monday",
            "Tuesday",
            "Wednesday",
            "Thursday",
            "Friday",
            "Saturday"
        ]
    },
    "es": {
        "minute": "%d minuto%>s",
        "hour": "%d hora%>s",
        "day": "%d día%>s",
        "week": "%d semana%>s",
        "month": "%d mes%>es",
        "year": "%d año%>s",
        "century": "%d siglo%>s",
        "weekday": [
            "Domingo",
            "Lunes",
            "Martes",
            "Miércoles",
            "Jueves",
            "Viernes",
            "Sábado"
        ]
    },
    "fi": {
        "minute": "%d minuutti%>a",
        "hour": "%d tunti%>a",
        "day": "%d päivä%>ä",
        "week": "%d viikko%>a",
        "month": "%d kuukau%si>tta",
        "year": "%d vuo%si>tta",
        "century": "%d vuosisata%>a",
        "weekday": [
            "Sunnuntai",
            "Maanantai",
            "Tiistai",
            "Keskiviikko",
            "Torstai",
            "Perjantai",
            "Lauantai"
        ]
    },
    "fr": {
        "minute": "%d minute%>s",
        "hour": "%d heure%>s",
        "day": "%d jour%>s",
        "week": "%d semaine%>s",
        "month": "%d mois",
        "year": "%d an%>s",
        "century": "%d siècle%>s",
        "weekday": [
            "Dimanche",
            "Lundi",
            "Mardi",
            "Mercredi",
            "Jeudi",
            "Vendredi",
            "Samedi"
        ]
    },
    "hu": {
        "minute": "%d perc",
        "hour": "%d óra",
        "day": "%d nap",
        "week": "%d hét",
        "month": "%d hónap",
        "year": "%d év",
        "century": "%d %század>évszázad",
        "weekday": [
            "Vasárnap",
            "Hétfő",
            "Kedd",
            "Szerda",
            "Csütörtök",
            "Péntek",
            "Szombat"
        ]
    },
    "it": {
        "minute": "%d minut%o>i",
        "hour": "%d or%a>e",
        "day": "%d giorn%o>i",
        "week": "%d settiman%a>e",
        "month": "%d mes%e>i",
        "year": "%d ann%o>i",
        "century": "%d secol%o>i",
        "weekday": [
            "Domenica",
            "Lunedì",
            "Martedì",
            "Mercoledì",
            "Giovedì",
            "Venerdì",
            "Sabato"
        ]
    },
    "ja": {
        "minute": "%d 分",
        "hour": "%d 時間",
        "day": "%d 日",
        "week": "%d 週",
        "month": "%d か月",
        "year": "%d 年",
        "century": "%d 世紀",
        "weekday": [
            "日曜日",
            "月曜日",
            "火曜日",
            "水曜日",
            "木曜日",
            "金曜日",
            "土曜日"
        ]
    },
    "ko": {
        "minute": "%d 분",
        "hour": "%d 시간",
        "day": "%d 일 %의",
        "week": "%d 주",
        "month": "%d 월",
        "year": "%d 연도",
        "century": "%d 세기",
        "weekday": [
            "일요일",
            "월요일",
            "화요일",
            "수요일",
            "목요일",
            "금요일",
            "토요일"
        ]
    },
    "nl": {
        "minute": "%d minu%ut>ten",
        "hour": "%d uur",
        "day": "%d dag%>en",
        "week": "%d we%ek>ken",
        "month": "%d maand%>en",
        "year": "%d jaar",
        "century": "%d eeuw%>en",
        "weekday": [
            "Zondag",
            "Maandag",
            "Dinsdag",
            "Woensdag",
            "Donderdag",
            "Vrijdag",
            "Zaterdag"
        ]
    },
    "no": {
        "minute": "%d minutt%>er",
        "hour": "%d time%>r",
        "day": "%d dag%>er",
        "week": "%d uke%>r",
        "month": "%d måned%>er",
        "year": "%d år",
        "century": "%d århundre%>r",
        "weekday": [
            "Søndag",
            "Mandag",
            "Tirsdag",
            "Onsdag",
            "Torsdag",
            "Fredag",
            "Lørdag"
        ]
    },
    "pl": {
        "minute": "%d minut%a>y",
        "hour": "%d godzin%a>y",
        "day": "%d %dzień>dni",
        "week": "%d ty%dzień>godnie",
        "month": "%d miesiąc%>e",
        "year": "%d %rok>lata",
        "century": "%d wiek%>i",
        "weekday": [
            "Niedziela",
            "Poniedziałek",
            "Wtorek",
            "Środa",
            "Czwartek",
            "Piątek",
            "Sobota"
        ]
    },
    "ro": {
        "minute": "%d minut%>e",
        "hour": "%d or%ă>e",
        "day": "%d zi%>le",
        "week": "%d săptămân%a>i",
        "month": "%d lun%ă>i",
        "year": "%d an%>i",
        "century": "%d secol%>e",
        "weekday": [
            "Duminică",
            "Luni",
            "Marți",
            "Miercuri",
            "Joi",
            "Vineri",
            "Sâmbătă"
        ]
    },
    "ru": {
        "minute": "%d минут%а>ы",
        "hour": "%d час%>а",
        "day": "%d д%ень>ня",
        "week": "%d недел%я>и",
        "month": "%d месяц%>а",
        "year": "%d год%>а",
        "century": "%d век%>а",
        "weekday": [
            "Воскресенье",
            "Понедельник",
            "Вторник",
            "Среда",
            "Четверг",
            "Пятница",
            "Суббота"
        ]
    },
    "sk": {
        "minute": "%d minút%u>y",
        "hour": "%d hodin%a>y",
        "day": "%d d%eň>ni",
        "week": "%d týžd%eň>ni",
        "month": "%d mesiac%>e",
        "year": "%d rok%>y",
        "century": "%d storoči%e>a",
        "weekday": [
            "Nedeľa",
            "Pondelok",
            "Utorok",
            "Streda",
            "Štvrtok",
            "Piatok",
            "Sobota"
        ]
    },
    "sv": {
        "minute": "%d minut%>er",
        "hour": "%d timm%e>ar",
        "day": "%d dag%>ar",
        "week": "%d veck%a>or",
        "month": "%d månad%>er",
        "year": "%d år",
        "century": "%d århundrade%>n",
        "weekday": [
            "Söndag",
            "Måndag",
            "Tisdag",
            "Onsdag",
            "Torsdag",
            "Fredag",
            "Lördag"
        ]
    },
    "th": {
        "minute": "%d นาที",
        "hour": "%d ชั่วโมง",
        "day": "%d วัน",
        "week": "%d สัปดาห์",
        "month": "%d เดือน",
        "year": "%d ปี",
        "century": "%d ศตวรรษ",
        "weekday": [
            "วันอาทิตย์",
            "วันจันทร์",
            "วันอังคาร",
            "วันพุธ",
            "วันพฤหัสบดี",
            "วันศุกร์",
            "วันเสาร์"
        ]
    },
    "tr": {
        "minute": "%d dakika",
        "hour": "%d saat",
        "day": "%d gün",
        "week": "%d hafta",
        "month": "%d ay",
        "year": "%d yıl",
        "century": "%d yüzyıl",
        "weekday": [
            "Pazar",
            "Pazartesi",
            "Salı",
            "Çarşamba",
            "Perşembe",
            "Cuma",
            "Cumartesi"
        ]
    },
    "vi": {
        "minute": "%d phút",
        "hour": "%d giờ",
        "day": "%d ngày",
        "week": "%d tuần",
        "month": "%d tháng",
        "year": "%d năm",
        "century": "%d thế kỷ",
        "weekday": [
            "Chủ nhật",
            "Thứ Hai",
            "Thứ Ba",
            "Thứ Tư",
            "Thứ Năm",
            "Thứ Sáu",
            "Thứ Bảy"
        ]
    }
}
