{
    "a": {
        "3": [
            "act",
            "aft",
            "ait",
            "alt",
            "ant",
            "apt",
            "art",
            "att"
        ],
        "4": [
            "abet",
            "abut",
            "adit",
            "advt",
            "aint",
            "airt",
            "alit",
            "appt",
            "aret",
            "aunt"
        ],
        "5": [
            "abaft",
            "abbot",
            "ablet",
            "abort",
            "about",
            "absit",
            "adapt",
            "adbot",
            "adept",
            "admit",
            "adopt",
            "adret",
            "adult",
            "adust",
            "afoot",
            "afrit",
            "agast",
            "agent",
            "agist",
            "aglet",
            "ahent",
            "ahint",
            "aight",
            "alant",
            "aleft",
            "alert",
            "alist",
            "allot",
            "aloft",
            "amaut",
            "ambit",
            "ament",
            "amort",
            "amowt",
            "amrit",
            "anent",
            "angst",
            "annat",
            "apart",
            "apert"
        ]
    },
    "b": {
        "3": [
            "bat",
            "bet",
            "bit",
            "bot",
            "but"
        ],
        "4": [
            "baft",
            "baht",
            "bait",
            "bant",
            "bast",
            "batt",
            "bayt",
            "beat",
            "beet",
            "belt",
            "bent",
            "best",
            "bhat",
            "bhut",
            "bint",
            "bist",
            "bitt",
            "blat",
            "blet",
            "blot",
            "boat",
            "boet",
            "bolt",
            "boot",
            "bort",
            "bott",
            "bout",
            "brat",
            "brit",
            "brut",
            "buat",
            "bunt",
            "bust",
            "butt"
        ],
        "5": [
            "bahut",
            "beast",
            "beaut",
            "befit",
            "begat",
            "beget",
            "begot",
            "benet",
            "bepat",
            "beret",
            "besat",
            "beset",
            "besit",
            "besot",
            "bewet",
            "bhoot",
            "bidet",
            "bight",
            "bigot",
            "binit",
            "biont",
            "blart",
            "blast",
            "blatt",
            "bleat",
            "blent",
            "blert",
            "blest",
            "blist",
            "bloat",
            "bluet",
            "blunt",
            "blurt",
            "boart",
            "boast",
            "boost",
            "boult",
            "bowat",
            "bowet",
            "bract",
            "brant",
            "brast",
            "brent",
            "britt",
            "bruit",
            "brunt",
            "brust",
            "built",
            "buist",
            "bundt",
            "buret",
            "burnt",
            "burst",
            "butut"
        ]
    },
    "c": {
        "3": [
            "cat",
            "cit",
            "cot",
            "cut"
        ],
        "4": [
            "cant",
            "cart",
            "cast",
            "celt",
            "cent",
            "cert",
            "chat",
            "chit",
            "chut",
            "cist",
            "clat",
            "clit",
            "clot",
            "coat",
            "coft",
            "coit",
            "colt",
            "coot",
            "cost",
            "cott",
            "crit",
            "cuit",
            "cult",
            "cunt",
            "curt",
            "cyst"
        ],
        "5": [
            "cadet",
            "cagot",
            "canst",
            "capot",
            "caput",
            "carat",
            "caret",
            "chaat",
            "chaft",
            "chant",
            "chapt",
            "chart",
            "cheat",
            "chert",
            "chest",
            "chirt",
            "chott",
            "chout",
            "cinct",
            "civet",
            "clapt",
            "clart",
            "clast",
            "claut",
            "cleat",
            "cleft",
            "clept",
            "clift",
            "clint",
            "clipt",
            "cloot",
            "clout",
            "coact",
            "coapt",
            "coast",
            "comet",
            "compt",
            "coopt",
            "coost",
            "coset",
            "count",
            "court",
            "covet",
            "craft",
            "crept",
            "crest",
            "croft",
            "crost",
            "crout",
            "cruet",
            "cruft",
            "crust",
            "crypt",
            "cubit",
            "culet",
            "cunit",
            "curat",
            "curet",
            "curst"
        ]
    },
    "d": {
        "3": [
            "dit",
            "dot"
        ],
        "4": [
            "daft",
            "dalt",
            "dant",
            "dart",
            "daut",
            "dawt",
            "debt",
            "deet",
            "deft",
            "delt",
            "dent",
            "dict",
            "diet",
            "dint",
            "dipt",
            "dirt",
            "ditt",
            "doat",
            "doit",
            "dolt",
            "dont",
            "dort",
            "dost",
            "dout",
            "dowt",
            "drat",
            "duct",
            "duet",
            "duit",
            "dunt",
            "dust"
        ],
        "5": [
            "daint",
            "dault",
            "daunt",
            "davit",
            "daynt",
            "dealt",
            "debit",
            "debut",
            "defat",
            "deist",
            "delft",
            "demit",
            "dempt",
            "denet",
            "depot",
            "derat",
            "devot",
            "diact",
            "dicht",
            "dicot",
            "didst",
            "dight",
            "digit",
            "divot",
            "docht",
            "doest",
            "doilt",
            "donut",
            "doubt",
            "draft",
            "drant",
            "drent",
            "drest",
            "drift",
            "dript",
            "droit",
            "dropt",
            "ducat",
            "duett",
            "durst",
            "duvet",
            "dwelt"
        ]
    },
    "e": {
        "3": [
            "eft",
            "ewt",
            "eat",
            "elt",
            "est"
        ],
        "4": [
            "echt",
            "empt",
            "evet",
            "eyot",
            "emit",
            "edit",
            "east",
            "erat",
            "erst",
            "etat"
        ],
        "5": [
            "eject",
            "eejit",
            "evict",
            "ebbet",
            "eight",
            "emmet",
            "epact",
            "epopt",
            "edict",
            "educt",
            "event",
            "evert",
            "ewest",
            "eclat",
            "elect",
            "enact",
            "erect",
            "eruct",
            "erupt",
            "escot",
            "egest",
            "egret",
            "ergot",
            "earnt",
            "earst",
            "elint",
            "enlit"
        ]
    },
    "f": {
        "3": [
            "fat",
            "fet",
            "fit"
        ],
        "4": [
            "fact",
            "fait",
            "fart",
            "fast",
            "faut",
            "feat",
            "feet",
            "felt",
            "fent",
            "fest",
            "fett",
            "fiat",
            "fist",
            "fitt",
            "flat",
            "flit",
            "font",
            "foot",
            "fort",
            "frat",
            "fret",
            "frit",
            "fust"
        ],
        "5": [
            "fecht",
            "fight",
            "fluyt",
            "facet",
            "fecit",
            "fract",
            "fumet",
            "fagot",
            "faint",
            "fault",
            "feart",
            "feast",
            "feint",
            "feist",
            "fient",
            "fiest",
            "filet",
            "first",
            "fleet",
            "flint",
            "flirt",
            "flitt",
            "float",
            "flout",
            "foist",
            "fouat",
            "fouet",
            "fount",
            "freet",
            "freit",
            "frist",
            "fritt",
            "front",
            "frost",
            "fruit",
            "frust"
        ]
    },
    "g": {
        "3": [
            "gat",
            "get",
            "git",
            "got",
            "gut"
        ],
        "4": [
            "ghat",
            "gift",
            "gait",
            "gant",
            "gart",
            "gast",
            "geat",
            "geit",
            "gelt",
            "gent",
            "gert",
            "gest",
            "gilt",
            "girt",
            "gist",
            "glit",
            "glut",
            "gnat",
            "goat",
            "gout",
            "grat",
            "grit",
            "grot",
            "gust"
        ],
        "5": [
            "grypt",
            "gavot",
            "ghast",
            "ghaut",
            "ghest",
            "ghost",
            "glift",
            "gosht",
            "graft",
            "grift",
            "guyot",
            "gamut",
            "gemot",
            "gript",
            "gigot",
            "godet",
            "gaitt",
            "galut",
            "gault",
            "gaunt",
            "geest",
            "geist",
            "genet",
            "giant",
            "gilet",
            "giust",
            "glatt",
            "gleet",
            "glent",
            "glint",
            "gloat",
            "glost",
            "glout",
            "goest",
            "grant",
            "great",
            "greet",
            "griot",
            "grist",
            "groat",
            "grout",
            "grunt",
            "guest",
            "guilt",
            "gulet"
        ]
    },
    "h": {
        "3": [
            "hat",
            "het",
            "hit",
            "hot",
            "hut"
        ],
        "4": [
            "haft",
            "hawt",
            "heft",
            "hept",
            "hipt",
            "haat",
            "haet",
            "halt",
            "hant",
            "hart",
            "hast",
            "haut",
            "heat",
            "hent",
            "hest",
            "hilt",
            "hint",
            "hist",
            "holt",
            "hoot",
            "host",
            "hout",
            "hunt",
            "hurt"
        ],
        "5": [
            "hecht",
            "hight",
            "habit",
            "hadst",
            "haint",
            "hasnt",
            "hault",
            "haunt",
            "heart",
            "heast",
            "heist",
            "helot",
            "hiant",
            "hoast",
            "hoist",
            "horst",
            "hurst"
        ]
    },
    "i": {
        "3": [
            "ist"
        ],
        "4": [
            "ikat",
            "isit",
            "isnt"
        ],
        "5": [
            "immit",
            "impot",
            "inwit",
            "inapt",
            "incut",
            "inept",
            "input",
            "idant",
            "ident",
            "idiot",
            "ingot",
            "inert",
            "inlet",
            "innit",
            "inset",
            "inust",
            "islet"
        ]
    },
    "j": {
        "3": [
            "jet",
            "jit",
            "jot",
            "jut"
        ],
        "4": [
            "jeat",
            "jeet",
            "jest",
            "jilt",
            "jolt",
            "just"
        ],
        "5": [
            "jabot",
            "jacet",
            "jigot",
            "jaunt",
            "joint",
            "joist",
            "joust",
            "jurat"
        ]
    },
    "k": {
        "3": [
            "kat",
            "ket",
            "kit"
        ],
        "4": [
            "khat",
            "khet",
            "kyat",
            "kept",
            "kant",
            "kart",
            "keet",
            "kelt",
            "kent",
            "kest",
            "kilt",
            "kist",
            "knit",
            "knot",
            "knut"
        ],
        "5": [
            "kempt",
            "kight",
            "kydst",
            "kraft",
            "kaput",
            "kanat",
            "karat",
            "karst",
            "kiaat",
            "klett",
            "knelt",
            "knout",
            "korat",
            "krait",
            "kraut"
        ]
    },
    "l": {
        "3": [
            "lat",
            "let",
            "lit",
            "lot"
        ],
        "4": [
            "left",
            "lift",
            "loft",
            "lowt",
            "lept",
            "lait",
            "lant",
            "last",
            "leat",
            "leet",
            "lent",
            "lest",
            "lilt",
            "lint",
            "list",
            "loot",
            "lost",
            "lout",
            "luit",
            "lunt",
            "lust"
        ],
        "5": [
            "licht",
            "light",
            "lovat",
            "lyart",
            "lacet",
            "leapt",
            "licet",
            "licit",
            "limit",
            "legit",
            "larnt",
            "leant",
            "least",
            "liart",
            "lirot",
            "loast",
            "lunet"
        ]
    },
    "m": {
        "3": [
            "mat",
            "met",
            "mot",
            "mut"
        ],
        "4": [
            "malt",
            "mart",
            "mast",
            "matt",
            "maut",
            "meat",
            "meet",
            "melt",
            "ment",
            "milt",
            "mint",
            "mist",
            "mitt",
            "moat",
            "moit",
            "molt",
            "moot",
            "mort",
            "most",
            "mott",
            "munt",
            "must",
            "mutt"
        ],
        "5": [
            "micht",
            "might",
            "maynt",
            "mayst",
            "meynt",
            "mpret",
            "mulct",
            "magot",
            "midst",
            "maist",
            "manat",
            "manet",
            "meant",
            "meint",
            "merit",
            "moist",
            "morat",
            "motet",
            "moult",
            "mount",
            "moust",
            "muist",
            "muset",
            "musit"
        ]
    },
    "n": {
        "3": [
            "nat",
            "net",
            "nit",
            "not",
            "nut"
        ],
        "4": [
            "newt",
            "nowt",
            "neat",
            "nest",
            "nett",
            "nott",
            "nout",
            "nuit"
        ],
        "5": [
            "nicht",
            "nempt",
            "night",
            "nepit",
            "naunt",
            "neist",
            "noint",
            "nonet",
            "nooit"
        ]
    },
    "o": {
        "3": [
            "oft",
            "owt",
            "opt",
            "oat",
            "oot",
            "ort",
            "out"
        ],
        "4": [
            "oast",
            "obit",
            "oint",
            "omit",
            "onst",
            "oont",
            "oust"
        ],
        "5": [
            "obiit",
            "objet",
            "octet",
            "odist",
            "olent",
            "oncet",
            "onset",
            "oobit",
            "orant",
            "orbat",
            "orbit",
            "oubit",
            "oucht",
            "ought",
            "overt",
            "ovist",
            "owlet"
        ]
    },
    "p": {
        "3": [
            "pat",
            "pet",
            "pht",
            "pit",
            "pot",
            "put"
        ],
        "4": [
            "pact",
            "pant",
            "part",
            "past",
            "peat",
            "pelt",
            "pent",
            "pert",
            "pest",
            "peut",
            "pfft",
            "phat",
            "phot",
            "phut",
            "piet",
            "pint",
            "plat",
            "plot",
            "poet",
            "polt",
            "pont",
            "poot",
            "port",
            "post",
            "pott",
            "pout",
            "prat",
            "psst",
            "punt",
            "putt",
            "pyat",
            "pyet",
            "pyot"
        ],
        "5": [
            "paint",
            "palet",
            "peart",
            "perst",
            "petit",
            "pewit",
            "phpht",
            "picot",
            "piert",
            "pight",
            "pilot",
            "pinot",
            "pipet",
            "pipit",
            "pitot",
            "pivot",
            "plait",
            "plant",
            "plast",
            "platt",
            "pleat",
            "ploat",
            "pluot",
            "pmart",
            "point",
            "poort",
            "posit",
            "poult",
            "poupt",
            "poynt",
            "pratt",
            "prent",
            "prest",
            "print",
            "prost",
            "prunt"
        ]
    },
    "q": {
        "3": [
            "qat"
        ],
        "4": [
            "quat",
            "quit"
        ],
        "5": [
            "qanat",
            "quant",
            "quart",
            "qubit",
            "quest",
            "quiet",
            "quilt",
            "quint",
            "quirt",
            "quist",
            "quoit"
        ]
    },
    "r": {
        "3": [
            "rat",
            "ret",
            "rit",
            "rot",
            "rut"
        ],
        "4": [
            "raft",
            "rait",
            "rant",
            "rapt",
            "rast",
            "reft",
            "rent",
            "rest",
            "rift",
            "riot",
            "ript",
            "ritt",
            "ront",
            "root",
            "rort",
            "rost",
            "rout",
            "rowt",
            "runt",
            "rust",
            "ryot"
        ],
        "5": [
            "rabat",
            "ramet",
            "react",
            "reast",
            "rebit",
            "rebut",
            "recit",
            "recut",
            "reest",
            "refit",
            "reist",
            "relet",
            "relit",
            "remet",
            "remit",
            "repat",
            "repot",
            "resat",
            "reset",
            "resit",
            "revet",
            "rewet",
            "riant",
            "richt",
            "right",
            "rivet",
            "roast",
            "robot",
            "roist",
            "roost",
            "roset",
            "rosit",
            "roust",
            "royst",
            "rybat"
        ]
    },
    "s": {
        "3": [
            "sat",
            "set",
            "sit",
            "sot"
        ],
        "4": [
            "saft",
            "salt",
            "sant",
            "saut",
            "scat",
            "scot",
            "scut",
            "seat",
            "sect",
            "sekt",
            "sent",
            "sept",
            "sett",
            "shat",
            "shet",
            "shit",
            "shot",
            "shut",
            "sift",
            "silt",
            "sist",
            "skat",
            "sket",
            "skit",
            "slat",
            "slit",
            "slot",
            "slut",
            "smit",
            "smut",
            "snit",
            "snot",
            "soft",
            "soit",
            "soot",
            "sort",
            "sout",
            "spat",
            "spet",
            "spit",
            "spot",
            "stat",
            "stet",
            "stot",
            "suet",
            "suit",
            "swat",
            "swot"
        ],
        "5": [
            "sabot",
            "saint",
            "saist",
            "salat",
            "salet",
            "salut",
            "sault",
            "saunt",
            "sayst",
            "scant",
            "scart",
            "scatt",
            "sceat",
            "scent",
            "scoot",
            "scout",
            "scrat",
            "scuft",
            "shaft",
            "shakt",
            "shalt",
            "shant",
            "sheet",
            "shent",
            "shift",
            "shirt",
            "shist",
            "shoat",
            "shoot",
            "short",
            "shott",
            "shout",
            "shunt",
            "sicht",
            "sient",
            "sight",
            "skart",
            "skatt",
            "skeet",
            "skint",
            "skirt",
            "skort",
            "slant",
            "slart",
            "sleet",
            "slept",
            "slipt",
            "sloot",
            "sluit",
            "smalt",
            "smart",
            "smelt",
            "smolt",
            "smoot",
            "smout",
            "smowt",
            "snift",
            "snirt",
            "snoot",
            "snort",
            "snout",
            "souct",
            "spait",
            "spalt",
            "spart",
            "speat",
            "spect",
            "spelt",
            "spent",
            "spilt",
            "spirt",
            "splat",
            "split",
            "spoot",
            "sport",
            "spout",
            "sprat",
            "sprit",
            "spurt",
            "squat",
            "squit",
            "start",
            "stent",
            "stept",
            "stilt",
            "stint",
            "stoat",
            "stoit",
            "stopt",
            "stott",
            "stout",
            "strut",
            "stunt",
            "sturt",
            "suent",
            "suint",
            "surat",
            "swapt",
            "swart",
            "sweat",
            "sweet",
            "swelt",
            "swept",
            "swift",
            "swopt"
        ]
    },
    "t": {
        "3": [
            "tat",
            "tet",
            "tit",
            "tot",
            "tut"
        ],
        "4": [
            "tact",
            "tait",
            "tant",
            "tart",
            "tatt",
            "taut",
            "tawt",
            "teat",
            "telt",
            "tent",
            "test",
            "that",
            "tift",
            "tilt",
            "tint",
            "tipt",
            "toft",
            "togt",
            "toit",
            "tolt",
            "toot",
            "tort",
            "tost",
            "tout",
            "towt",
            "trat",
            "tret",
            "trot",
            "tuft",
            "twat",
            "twit"
        ],
        "5": [
            "tacet",
            "tacit",
            "taint",
            "takht",
            "tapet",
            "tarot",
            "taunt",
            "tempt",
            "tenet",
            "tewit",
            "theft",
            "thoft",
            "tight",
            "tinct",
            "toast",
            "torot",
            "tract",
            "trait",
            "trant",
            "trapt",
            "tratt",
            "treat",
            "trest",
            "trist",
            "troat",
            "trout",
            "trust",
            "tryst",
            "tuart",
            "turnt",
            "tweet",
            "twilt",
            "twist"
        ]
    },
    "u": {
        "3": [
            "ult"
        ],
        "4": [
            "unit"
        ],
        "5": [
            "unapt",
            "uncut",
            "unfit",
            "unget",
            "ungot",
            "unhat",
            "unket",
            "unlet",
            "unlit",
            "unmet",
            "unset",
            "unwet",
            "unwit",
            "upjet",
            "uplit",
            "upset",
            "urent"
        ]
    },
    "v": {
        "3": [
            "vat",
            "vet"
        ],
        "4": [
            "vant",
            "vast",
            "vaut",
            "vent",
            "vert",
            "vest",
            "vint",
            "volt",
            "vrot",
            "vult"
        ],
        "5": [
            "valet",
            "vault",
            "vaunt",
            "veldt",
            "verst",
            "visit",
            "vivat",
            "vlast",
            "volet",
            "vomit"
        ]
    },
    "w": {
        "3": [
            "wat",
            "wet",
            "wit",
            "wot"
        ],
        "4": [
            "wadt",
            "waft",
            "wait",
            "want",
            "wart",
            "wast",
            "watt",
            "weet",
            "weft",
            "welt",
            "went",
            "wept",
            "wert",
            "west",
            "what",
            "whet",
            "whit",
            "whot",
            "wilt",
            "wist",
            "wont",
            "woot",
            "wort",
            "wost",
            "writ",
            "wrot"
        ],
        "5": [
            "waift",
            "waist",
            "warst",
            "wasnt",
            "wecht",
            "weest",
            "welkt",
            "wheat",
            "wheft",
            "whift",
            "whipt",
            "whist",
            "whoot",
            "whort",
            "wight",
            "wisht",
            "worst",
            "wrapt",
            "wrast",
            "wrest",
            "wrist",
            "wroot",
            "wurst"
        ]
    },
    "y": {
        "3": [
            "yet"
        ],
        "4": [
            "ybet",
            "yelt",
            "yest",
            "yett",
            "ympt",
            "yont",
            "yuft",
            "yurt"
        ],
        "5": [
            "yacht",
            "yeast",
            "ymolt",
            "yourt",
            "yrapt",
            "yrent",
            "ytost"
        ]
    }
}
